[
    {"Name":"Kitsune", "Text":"MUAHAHAHA"},
    {"Name":"Kitsune", "Text":"Thank you, young soul. You've helped me oh so much."},
    {"Name":"Kitsune", "Text":"You naive human. You thought you were doing something good for a helpless little fox."},
    {"Name":"Kitsune", "Text":"How wrong you were. I used you to quicken the process of gaining my final tail."},
    {"Name":"Kitsune", "Text":"It is now your time..."},
    {"Name":"Kitsune", "Text":"TO DIE."},
    {"Name":"Raya", "Text":"WHAT?!"}
]
