[
    {"Name":"Raya", "Text":"Alright fox, listen up."},
    {"Name":"Raya", "Text":"I've managed to get your starball, which contains your soul. So me and you are gonna make a deal."},
    {"Name":"Raya", "Text":"Your first option is to let me out of wherever the hell we are and I'll give you your soul back."},
    {"Name":"Raya", "Text":"Your other option is saying goodbye to your soul."},
    {"Name":"Raya", "Text":"Your choice."},
    {"Name":"Kitsune", "Text":"Okay, okay. You win. I will let you free."},
    {"Name":"Kitsune", "Text":"On one condition."},
    {"Name":"Kitsune", "Text":"DIE."}
]